filename,path,duration,size,bit_rate,nb_frames,codec_name,codec_long_name,codec_profile,pix_fmt,color_space,color_transfer,color_primaries,width,height,sample_aspect_ratio,display_aspect_ratio,avg_frame_rate,r_frame_rate,muxer_app,writing_app,audio_codec,label
WhatsApp Video 2025-12-04 at 19.22.09_77cdae3e.mp4,/kaggle/input/metadata-dataset/Meta_Data_Dataset/Real_videos/WhatsApp Video 2025-12-04 at 19.22.09_77cdae3e.mp4,12.633333,1608070,1013017,379,h264,H.264 / AVC / MPEG-4 AVC / MPEG-4 part 10,High,yuv420p,bt470bg,smpte170m,bt470bg,478,850,,,30/1,30/1,,,aac,0
WhatsApp Video 2025-12-04 at 15.55.23_852fc4f1.mp4,/kaggle/input/metadata-dataset/Meta_Data_Dataset/Real_videos/WhatsApp Video 2025-12-04 at 15.55.23_852fc4f1.mp4,13.529333,1657599,980151,404,h264,H.264 / AVC / MPEG-4 AVC / MPEG-4 part 10,High,yuv420p,bt470bg,smpte170m,bt470bg,476,848,,,303000/10147,179/6,,,none,0
yt14.mp4,/kaggle/input/metadata-dataset/Meta_Data_Dataset/Real_videos/yt14.mp4,19.5,1452604,594020,585,h264,H.264 / AVC / MPEG-4 AVC / MPEG-4 part 10,Constrained Baseline,yuv420p,bt709,bt709,bt709,360,640,1:01,9:16,30/1,30/1,,,aac,0
WhatsApp Video 2025-12-04 at 16.00.48_c349259e.mp4,/kaggle/input/metadata-dataset/Meta_Data_Dataset/Real_videos/WhatsApp Video 2025-12-04 at 16.00.48_c349259e.mp4,19.893333,2828275,1137376,590,h264,H.264 / AVC / MPEG-4 AVC / MPEG-4 part 10,High,yuv420p,bt470bg,smpte170m,bt470bg,478,850,,,22125/746,30/1,,,aac,0
yt8.mp4,/kaggle/input/metadata-dataset/Meta_Data_Dataset/Real_videos/yt8.mp4,89.52,6677001,596300,2238,h264,H.264 / AVC / MPEG-4 AVC / MPEG-4 part 10,Constrained Baseline,yuv420p,bt709,bt709,bt709,360,640,1:01,9:16,25/1,25/1,,,aac,0
yt19.mp4,/kaggle/input/metadata-dataset/Meta_Data_Dataset/Real_videos/yt19.mp4,26.866667,2013801,595556,806,h264,H.264 / AVC / MPEG-4 AVC / MPEG-4 part 10,Constrained Baseline,yuv420p,smpte170m,bt709,bt470bg,360,640,1:01,9:16,30/1,30/1,,,aac,0
WhatsApp Video 2025-12-04 at 16.13.14_c8de9beb.mp4,/kaggle/input/metadata-dataset/Meta_Data_Dataset/Real_videos/WhatsApp Video 2025-12-04 at 16.13.14_c8de9beb.mp4,12.5007,1787724,1144079,293,h264,H.264 / AVC / MPEG-4 AVC / MPEG-4 part 10,High,yuv420p,bt470bg,smpte170m,bt470bg,480,848,,,2930000/125007,25/1,,,aac,0
VID-20240605-WA0023.mp4,/kaggle/input/metadata-dataset/Meta_Data_Dataset/Real_videos/VID-20240605-WA0023.mp4,9.902567,1746828,1406160,278,h264,H.264 / AVC / MPEG-4 AVC / MPEG-4 part 10,High,yuv420p,bt470bg,smpte170m,bt470bg,478,850,1:01,239:425,8340000/297077,59/2,,,aac,0
WhatsApp Video 2025-12-04 at 19.16.11_beaada21.mp4,/kaggle/input/metadata-dataset/Meta_Data_Dataset/Real_videos/WhatsApp Video 2025-12-04 at 19.16.11_beaada21.mp4,8.883733,1224076,1075421,211,h264,H.264 / AVC / MPEG-4 AVC / MPEG-4 part 10,High,yuv420p,bt470bg,smpte170m,bt470bg,478,850,,,395625/16657,95/4,,,aac,0
yt18.mp4,/kaggle/input/metadata-dataset/Meta_Data_Dataset/Real_videos/yt18.mp4,91.833333,6803565,592367,2755,h264,H.264 / AVC / MPEG-4 AVC / MPEG-4 part 10,Constrained Baseline,yuv420p,bt709,bt709,bt709,360,640,1:01,9:16,30/1,30/1,,,aac,0
yt9.mp4,/kaggle/input/metadata-dataset/Meta_Data_Dataset/Real_videos/yt9.mp4,53.433333,3976101,594279,1603,h264,H.264 / AVC / MPEG-4 AVC / MPEG-4 part 10,Constrained Baseline,yuv420p,bt709,bt709,bt709,360,640,1:01,9:16,30/1,30/1,,,aac,0
yt21.mp4,/kaggle/input/metadata-dataset/Meta_Data_Dataset/Real_videos/yt21.mp4,20.466667,1523925,594035,614,h264,H.264 / AVC / MPEG-4 AVC / MPEG-4 part 10,Constrained Baseline,yuv420p,smpte170m,bt709,bt470bg,360,640,1:01,9:16,30/1,30/1,,,aac,0
yt20 (2).mp4,/kaggle/input/metadata-dataset/Meta_Data_Dataset/Real_videos/yt20 (2).mp4,60,3845820,512773,1500,h264,H.264 / AVC / MPEG-4 AVC / MPEG-4 part 10,Main,yuv420p,smpte170m,bt709,bt470bg,360,480,1:01,3:04,25/1,25/1,,,aac,0
VID-20241025-WA0009.mp4,/kaggle/input/metadata-dataset/Meta_Data_Dataset/Real_videos/VID-20241025-WA0009.mp4,19.810133,3586317,1448275,234,h264,H.264 / AVC / MPEG-4 AVC / MPEG-4 part 10,High,yuv420p,bt470bg,smpte170m,bt470bg,478,850,,,219375/18572,60000/1001,,,aac,0
youtb.mp4,/kaggle/input/metadata-dataset/Meta_Data_Dataset/Real_videos/youtb.mp4,21.666667,1635159,602351,650,h264,H.264 / AVC / MPEG-4 AVC / MPEG-4 part 10,Constrained Baseline,yuv420p,bt709,bt709,bt709,362,640,1:01,181:320,30/1,30/1,,,aac,0
VID-20240926-WA0001.mp4,/kaggle/input/metadata-dataset/Meta_Data_Dataset/Real_videos/VID-20240926-WA0001.mp4,20.662067,3575351,1384314,344,h264,H.264 / AVC / MPEG-4 AVC / MPEG-4 part 10,High,yuv420p,bt470bg,smpte170m,bt470bg,474,848,,,5160000/309931,50/3,,,aac,0
WhatsApp Video 2025-12-04 at 16.08.59_542cba4f.mp4,/kaggle/input/metadata-dataset/Meta_Data_Dataset/Real_videos/WhatsApp Video 2025-12-04 at 16.08.59_542cba4f.mp4,6.215456,858556,1105059,184,h264,H.264 / AVC / MPEG-4 AVC / MPEG-4 part 10,High,yuv420p,bt470bg,smpte170m,bt470bg,478,850,,,16560000/559391,355/12,,,aac,0
WhatsApp Video 2025-12-04 at 19.26.13_c934a2ce.mp4,/kaggle/input/metadata-dataset/Meta_Data_Dataset/Real_videos/WhatsApp Video 2025-12-04 at 19.26.13_c934a2ce.mp4,25.033333,3175532,1014817,751,h264,H.264 / AVC / MPEG-4 AVC / MPEG-4 part 10,High,yuv420p,bt470bg,smpte170m,bt470bg,576,712,,,30/1,30/1,,,aac,0
WhatsApp Video 2025-12-04 at 15.58.38_59dea8c2.mp4,/kaggle/input/metadata-dataset/Meta_Data_Dataset/Real_videos/WhatsApp Video 2025-12-04 at 15.58.38_59dea8c2.mp4,8.603144,1188845,1105498,253,h264,H.264 / AVC / MPEG-4 AVC / MPEG-4 part 10,High,yuv420p,bt470bg,smpte170m,bt470bg,478,850,,,22770000/774283,89/3,,,aac,0
VID-20251110-WA0001.mp4,/kaggle/input/metadata-dataset/Meta_Data_Dataset/Real_videos/VID-20251110-WA0001.mp4,8.005933,1417922,1416871,135,h264,H.264 / AVC / MPEG-4 AVC / MPEG-4 part 10,High,yuv420p,bt470bg,smpte170m,bt470bg,474,848,,,2025000/120089,90000/1,,,aac,0
VID-20240605-WA0022.mp4,/kaggle/input/metadata-dataset/Meta_Data_Dataset/Real_videos/VID-20240605-WA0022.mp4,8.580767,1515385,1412820,236,h264,H.264 / AVC / MPEG-4 AVC / MPEG-4 part 10,High,yuv420p,bt470bg,smpte170m,bt470bg,478,850,1:01,239:425,7080000/257423,59/2,,,aac,0
VID-20240605-WA0011.mp4,/kaggle/input/metadata-dataset/Meta_Data_Dataset/Real_videos/VID-20240605-WA0011.mp4,12.555267,2215686,1411796,305,h264,H.264 / AVC / MPEG-4 AVC / MPEG-4 part 10,High,yuv420p,bt470bg,smpte170m,bt470bg,478,850,1:01,239:425,4575000/188329,59/2,,,aac,0
VID-20250604-WA0062.mp4,/kaggle/input/metadata-dataset/Meta_Data_Dataset/Real_videos/VID-20250604-WA0062.mp4,3.149767,1351933,3433734,188,h264,H.264 / AVC / MPEG-4 AVC / MPEG-4 part 10,High,yuv420p,bt470bg,smpte170m,bt470bg,720,1280,,,5640000/94493,60/1,,,aac,0
VID-20240926-WA0003.mp4,/kaggle/input/metadata-dataset/Meta_Data_Dataset/Real_videos/VID-20240926-WA0003.mp4,31.954133,5532344,1385071,532,h264,H.264 / AVC / MPEG-4 AVC / MPEG-4 part 10,High,yuv420p,bt470bg,smpte170m,bt470bg,474,848,,,498750/29957,50/3,,,aac,0
yt7.mp4,/kaggle/input/metadata-dataset/Meta_Data_Dataset/Real_videos/yt7.mp4,5.133333,401282,622768,154,h264,H.264 / AVC / MPEG-4 AVC / MPEG-4 part 10,Main,yuv420p,smpte170m,bt709,bt470bg,360,640,1:01,9:16,30/1,30/1,,,aac,0
yt26.mp4,/kaggle/input/metadata-dataset/Meta_Data_Dataset/Real_videos/yt26.mp4,27.566667,2061321,596900,827,h264,H.264 / AVC / MPEG-4 AVC / MPEG-4 part 10,Constrained Baseline,yuv420p,bt709,bt709,bt709,360,640,1:01,9:16,30/1,30/1,,,aac,0
VID-20240926-WA0007.mp4,/kaggle/input/metadata-dataset/Meta_Data_Dataset/Real_videos/VID-20240926-WA0007.mp4,21.1876,3707734,1399963,395,h264,H.264 / AVC / MPEG-4 AVC / MPEG-4 part 10,High,yuv420p,bt470bg,smpte170m,bt470bg,474,848,,,987500/52969,50/3,,,aac,0
ty6.mp4,/kaggle/input/metadata-dataset/Meta_Data_Dataset/Real_videos/ty6.mp4,51.666667,3871089,598868,1550,h264,H.264 / AVC / MPEG-4 AVC / MPEG-4 part 10,Constrained Baseline,yuv420p,bt709,bt709,bt709,360,640,1:01,9:16,30/1,30/1,,,aac,0
yt4.mp4,/kaggle/input/metadata-dataset/Meta_Data_Dataset/Real_videos/yt4.mp4,10.833333,1223825,901611,325,h264,H.264 / AVC / MPEG-4 AVC / MPEG-4 part 10,Constrained Baseline,yuv420p,bt709,bt709,bt709,640,640,1:01,1:01,30/1,30/1,,,aac,0
WhatsApp Video 2025-12-04 at 19.14.43_7441fc94.mp4,/kaggle/input/metadata-dataset/Meta_Data_Dataset/Real_videos/WhatsApp Video 2025-12-04 at 19.14.43_7441fc94.mp4,9.433333,1198017,1004468,283,h264,H.264 / AVC / MPEG-4 AVC / MPEG-4 part 10,High,yuv420p,bt470bg,smpte170m,bt470bg,478,850,,,30/1,30/1,,,aac,0
WhatsApp Video 2025-12-04 at 19.05.30_2f92e1a8.mp4,/kaggle/input/metadata-dataset/Meta_Data_Dataset/Real_videos/WhatsApp Video 2025-12-04 at 19.05.30_2f92e1a8.mp4,24.766667,3440170,1105201,743,h264,H.264 / AVC / MPEG-4 AVC / MPEG-4 part 10,High,yuv420p,bt470bg,smpte170m,bt470bg,478,850,,,30/1,30/1,,,aac,0
WhatsApp Video 2025-12-04 at 16.13.39_d9598199.mp4,/kaggle/input/metadata-dataset/Meta_Data_Dataset/Real_videos/WhatsApp Video 2025-12-04 at 16.13.39_d9598199.mp4,3.968778,556129,1121008,79,h264,H.264 / AVC / MPEG-4 AVC / MPEG-4 part 10,High,yuv420p,bt470bg,smpte170m,bt470bg,478,850,,,711000/35719,239/12,,,aac,0
VID-20250616-WA0006.mp4,/kaggle/input/metadata-dataset/Meta_Data_Dataset/Real_videos/VID-20250616-WA0006.mp4,14.711933,3066966,1656215,405,h264,H.264 / AVC / MPEG-4 AVC / MPEG-4 part 10,High,yuvj420p,bt470bg,smpte170m,bt470bg,478,850,,,6075000/220679,30/1,,,aac,0
WhatsApp Video 2025-12-04 at 16.13.38_ce78aa2e.mp4,/kaggle/input/metadata-dataset/Meta_Data_Dataset/Real_videos/WhatsApp Video 2025-12-04 at 16.13.38_ce78aa2e.mp4,4.861167,669312,1097654,115,h264,H.264 / AVC / MPEG-4 AVC / MPEG-4 part 10,High,yuv420p,bt470bg,smpte170m,bt470bg,480,848,,,690000/29167,355/12,,,aac,0
yt17.mp4,/kaggle/input/metadata-dataset/Meta_Data_Dataset/Real_videos/yt17.mp4,23.8,856720,286569,714,h264,H.264 / AVC / MPEG-4 AVC / MPEG-4 part 10,Main,yuv420p,bt709,bt709,bt709,360,640,1:01,9:16,30/1,30/1,,,aac,0
yt29.mp4,/kaggle/input/metadata-dataset/Meta_Data_Dataset/Real_videos/yt29.mp4,10.5,833483,633910,315,h264,H.264 / AVC / MPEG-4 AVC / MPEG-4 part 10,Main,yuv420p,smpte170m,bt709,bt470bg,360,640,1:01,9:16,30/1,30/1,,,aac,0
VID-20250616-WA0005.mp4,/kaggle/input/metadata-dataset/Meta_Data_Dataset/Real_videos/VID-20250616-WA0005.mp4,7.2375,1457430,1610976,166,h264,H.264 / AVC / MPEG-4 AVC / MPEG-4 part 10,High,yuvj420p,bt470bg,smpte170m,bt470bg,478,850,,,13280/579,30000/1001,,,aac,0
WhatsApp Video 2025-12-04 at 16.18.41_ea6416da.mp4,/kaggle/input/metadata-dataset/Meta_Data_Dataset/Real_videos/WhatsApp Video 2025-12-04 at 16.18.41_ea6416da.mp4,2.022167,259787,1027756,30,h264,H.264 / AVC / MPEG-4 AVC / MPEG-4 part 10,High,yuv420p,bt470bg,smpte170m,bt470bg,474,848,,,180000/12133,89/6,,,aac,0
WhatsApp Video 2025-12-04 at 19.18.18_df3ddb61.mp4,/kaggle/input/metadata-dataset/Meta_Data_Dataset/Real_videos/WhatsApp Video 2025-12-04 at 19.18.18_df3ddb61.mp4,25.3,3511526,1105439,759,h264,H.264 / AVC / MPEG-4 AVC / MPEG-4 part 10,High,yuv420p,bt470bg,smpte170m,bt470bg,478,850,,,30/1,30/1,,,aac,0
WhatsApp Video 2025-12-04 at 19.27.47_495fad92.mp4,/kaggle/input/metadata-dataset/Meta_Data_Dataset/Real_videos/WhatsApp Video 2025-12-04 at 19.27.47_495fad92.mp4,62.64,8678053,1108147,1566,h264,H.264 / AVC / MPEG-4 AVC / MPEG-4 part 10,High,yuv420p,bt470bg,smpte170m,bt470bg,478,850,,,25/1,25/1,,,aac,0
VID-20250603-WA0000.mp4,/kaggle/input/metadata-dataset/Meta_Data_Dataset/Real_videos/VID-20250603-WA0000.mp4,9.224133,3139054,2650740,132,h264,H.264 / AVC / MPEG-4 AVC / MPEG-4 part 10,High,yuv420p,bt470bg,smpte170m,bt470bg,720,1280,,,990000/69181,50/3,,,aac,0
yt10.mp4,/kaggle/input/metadata-dataset/Meta_Data_Dataset/Real_videos/yt10.mp4,52.433333,3917653,597203,1573,h264,H.264 / AVC / MPEG-4 AVC / MPEG-4 part 10,Constrained Baseline,yuv420p,bt709,bt709,bt709,360,640,1:01,9:16,30/1,30/1,,,aac,0
WhatsApp Video 2025-12-04 at 16.08.06_efe2dfe1.mp4,/kaggle/input/metadata-dataset/Meta_Data_Dataset/Real_videos/WhatsApp Video 2025-12-04 at 16.08.06_efe2dfe1.mp4,12.2311,1718431,1123974,358,h264,H.264 / AVC / MPEG-4 AVC / MPEG-4 part 10,High,yuv420p,bt470bg,smpte170m,bt470bg,848,478,,,3580000/122311,88/3,,,aac,0
VID-20250604-WA0066.mp4,/kaggle/input/metadata-dataset/Meta_Data_Dataset/Real_videos/VID-20250604-WA0066.mp4,8.598,3667886,3412780,515,h264,H.264 / AVC / MPEG-4 AVC / MPEG-4 part 10,High,yuv420p,bt470bg,smpte170m,bt470bg,720,1280,,,257500/4299,60/1,,,aac,0
yt13.mp4,/kaggle/input/metadata-dataset/Meta_Data_Dataset/Real_videos/yt13.mp4,26.310491,2050840,622220,784,h264,H.264 / AVC / MPEG-4 AVC / MPEG-4 part 10,Constrained Baseline,yuv420p,bt709,bt709,bt709,360,640,1:01,9:16,14899/500,14899/500,,,aac,0
yt11.mp4,/kaggle/input/metadata-dataset/Meta_Data_Dataset/Real_videos/yt11.mp4,11.866667,884824,591459,356,h264,H.264 / AVC / MPEG-4 AVC / MPEG-4 part 10,Constrained Baseline,yuv420p,bt709,bt709,bt709,360,640,1:01,9:16,30/1,30/1,,,aac,0
VID-20250604-WA0070.mp4,/kaggle/input/metadata-dataset/Meta_Data_Dataset/Real_videos/VID-20250604-WA0070.mp4,37.9917,16097830,3364931,2030,h264,H.264 / AVC / MPEG-4 AVC / MPEG-4 part 10,High,yuv420p,bt470bg,smpte170m,bt470bg,720,1280,,,20300000/379917,60/1,,,aac,0
yt5.mp4,/kaggle/input/metadata-dataset/Meta_Data_Dataset/Real_videos/yt5.mp4,14.966667,1113562,593148,449,h264,H.264 / AVC / MPEG-4 AVC / MPEG-4 part 10,Constrained Baseline,yuv420p,bt709,bt709,bt709,360,640,1:01,9:16,30/1,30/1,,,aac,0
realvi.mp4,/kaggle/input/metadata-dataset/Meta_Data_Dataset/Real_videos/realvi.mp4,5.133333,401282,622768,154,h264,H.264 / AVC / MPEG-4 AVC / MPEG-4 part 10,Main,yuv420p,smpte170m,bt709,bt470bg,360,640,1:01,9:16,30/1,30/1,,,aac,0
WhatsApp Video 2025-12-04 at 19.02.57_58a529ec.mp4,/kaggle/input/metadata-dataset/Meta_Data_Dataset/Real_videos/WhatsApp Video 2025-12-04 at 19.02.57_58a529ec.mp4,15.1,2097938,1093068,453,h264,H.264 / AVC / MPEG-4 AVC / MPEG-4 part 10,High,yuv420p,bt470bg,smpte170m,bt470bg,478,850,,,30/1,30/1,,,aac,0
yt24.mp4,/kaggle/input/metadata-dataset/Meta_Data_Dataset/Real_videos/yt24.mp4,17.7,1327927,597795,531,h264,H.264 / AVC / MPEG-4 AVC / MPEG-4 part 10,Constrained Baseline,yuv420p,bt709,bt709,bt709,360,640,1:01,9:16,30/1,30/1,,,aac,0
WhatsApp Video 2025-12-04 at 19.07.05_9154ab2a.mp4,/kaggle/input/metadata-dataset/Meta_Data_Dataset/Real_videos/WhatsApp Video 2025-12-04 at 19.07.05_9154ab2a.mp4,19.533333,2327234,947384,586,h264,H.264 / AVC / MPEG-4 AVC / MPEG-4 part 10,High,yuv420p,bt470bg,smpte170m,bt470bg,476,848,,,30/1,30/1,,,aac,0
WhatsApp Video 2025-12-04 at 15.57.36_f2ecbac6.mp4,/kaggle/input/metadata-dataset/Meta_Data_Dataset/Real_videos/WhatsApp Video 2025-12-04 at 15.57.36_f2ecbac6.mp4,29.924733,5171698,1361701,408,h264,H.264 / AVC / MPEG-4 AVC / MPEG-4 part 10,High,yuv420p,bt470bg,smpte170m,bt470bg,478,850,,,6120000/448871,90000/1,,,aac,0
WhatsApp Video 2025-12-04 at 15.50.55_1f7e5ace.mp4,/kaggle/input/metadata-dataset/Meta_Data_Dataset/Real_videos/WhatsApp Video 2025-12-04 at 15.50.55_1f7e5ace.mp4,33.708933,4678956,1110437,817,h264,H.264 / AVC / MPEG-4 AVC / MPEG-4 part 10,High,yuv420p,bt470bg,smpte170m,bt470bg,478,850,,,6127500/252817,239/12,,,aac,0
WhatsApp Video 2025-12-04 at 19.19.44_9b91c11f.mp4,/kaggle/input/metadata-dataset/Meta_Data_Dataset/Real_videos/WhatsApp Video 2025-12-04 at 19.19.44_9b91c11f.mp4,24.2,3359516,1107176,726,h264,H.264 / AVC / MPEG-4 AVC / MPEG-4 part 10,High,yuv420p,bt470bg,smpte170m,bt470bg,478,850,,,30/1,30/1,,,aac,0
yt17 (2).mp4,/kaggle/input/metadata-dataset/Meta_Data_Dataset/Real_videos/yt17 (2).mp4,19.6,1492383,607647,588,h264,H.264 / AVC / MPEG-4 AVC / MPEG-4 part 10,Constrained Baseline,yuv420p,bt709,bt709,bt709,362,640,1:01,181:320,30/1,30/1,,,aac,0
yt16.mp4,/kaggle/input/metadata-dataset/Meta_Data_Dataset/Real_videos/yt16.mp4,79.120708,4563469,461020,1897,h264,H.264 / AVC / MPEG-4 AVC / MPEG-4 part 10,Constrained Baseline,yuv420p,bt709,bt709,bt709,360,640,1:01,9:16,24000/1001,24000/1001,,,aac,0
WhatsApp Video 2025-12-04 at 16.18.40_37b54b94.mp4,/kaggle/input/metadata-dataset/Meta_Data_Dataset/Real_videos/WhatsApp Video 2025-12-04 at 16.18.40_37b54b94.mp4,3.549333,522668,1161316,37,h264,H.264 / AVC / MPEG-4 AVC / MPEG-4 part 10,High,yuv420p,bt470bg,smpte170m,bt470bg,474,848,,,13875/1331,355/12,,,aac,0
youtube.mp4,/kaggle/input/metadata-dataset/Meta_Data_Dataset/Real_videos/youtube.mp4,35.4,2643737,596511,885,h264,H.264 / AVC / MPEG-4 AVC / MPEG-4 part 10,Constrained Baseline,yuv420p,bt709,bt709,bt709,360,640,1:01,9:16,25/1,25/1,,,aac,0
yt20.mp4,/kaggle/input/metadata-dataset/Meta_Data_Dataset/Real_videos/yt20.mp4,39.413333,3845520,778228,986,h264,H.264 / AVC / MPEG-4 AVC / MPEG-4 part 10,Constrained Baseline,yuv420p,smpte170m,bt709,bt470bg,524,640,1:01,131:160,36975/1478,36975/1478,,,aac,0
VID-20251016-WA0034.mp4,/kaggle/input/metadata-dataset/Meta_Data_Dataset/Real_videos/VID-20251016-WA0034.mp4,3.842533,2589549,5309444,76,h264,H.264 / AVC / MPEG-4 AVC / MPEG-4 part 10,Baseline,yuv420p,bt470bg,smpte170m,bt470bg,720,960,1:01,3:04,570000/28819,43/3,,,aac,0
VID-20250604-WA0065.mp4,/kaggle/input/metadata-dataset/Meta_Data_Dataset/Real_videos/VID-20250604-WA0065.mp4,6.199133,2675974,3453352,371,h264,H.264 / AVC / MPEG-4 AVC / MPEG-4 part 10,High,yuv420p,bt470bg,smpte170m,bt470bg,720,1280,,,5565000/92987,60/1,,,aac,0
WhatsApp Video 2025-12-04 at 17.07.19_5569eaa0.mp4,/kaggle/input/metadata-dataset/Meta_Data_Dataset/Real_videos/WhatsApp Video 2025-12-04 at 17.07.19_5569eaa0.mp4,21.173933,2058220,772998,371,h264,H.264 / AVC / MPEG-4 AVC / MPEG-4 part 10,High,yuv420p,bt470bg,smpte170m,bt470bg,480,848,,,5565000/317609,25/1,,,aac,0
WhatsApp Video 2025-12-04 at 19.08.46_cecf7787.mp4,/kaggle/input/metadata-dataset/Meta_Data_Dataset/Real_videos/WhatsApp Video 2025-12-04 at 19.08.46_cecf7787.mp4,44.6,6189908,1107989,1338,h264,H.264 / AVC / MPEG-4 AVC / MPEG-4 part 10,High,yuv420p,bt470bg,smpte170m,bt470bg,478,850,,,30/1,30/1,,,aac,0
yt23.mp4,/kaggle/input/metadata-dataset/Meta_Data_Dataset/Real_videos/yt23.mp4,33.266667,2062858,495239,998,h264,H.264 / AVC / MPEG-4 AVC / MPEG-4 part 10,Constrained Baseline,yuv420p,bt709,bt709,bt709,360,640,1:01,9:16,30/1,30/1,,,aac,0
WhatsApp Video 2025-12-04 at 19.12.35_1bf5c756.mp4,/kaggle/input/metadata-dataset/Meta_Data_Dataset/Real_videos/WhatsApp Video 2025-12-04 at 19.12.35_1bf5c756.mp4,20.3,2582095,1014503,609,h264,H.264 / AVC / MPEG-4 AVC / MPEG-4 part 10,High,yuv420p,bt470bg,smpte170m,bt470bg,478,850,,,30/1,30/1,,,aac,0
VID-20240605-WA0018.mp4,/kaggle/input/metadata-dataset/Meta_Data_Dataset/Real_videos/VID-20240605-WA0018.mp4,7.1582,1269756,1419078,194,h264,H.264 / AVC / MPEG-4 AVC / MPEG-4 part 10,High,yuv420p,bt470bg,smpte170m,bt470bg,478,850,1:01,239:425,970000/35791,59/2,,,aac,0
WhatsApp Video 2025-12-04 at 16.13.38_a0a2604d.mp4,/kaggle/input/metadata-dataset/Meta_Data_Dataset/Real_videos/WhatsApp Video 2025-12-04 at 16.13.38_a0a2604d.mp4,6.183267,867392,1102306,157,h264,H.264 / AVC / MPEG-4 AVC / MPEG-4 part 10,High,yuv420p,bt470bg,smpte170m,bt470bg,476,848,,,2355000/92749,30/1,,,aac,0
WhatsApp Video 2025-12-04 at 16.13.18_139d61fb.mp4,/kaggle/input/metadata-dataset/Meta_Data_Dataset/Real_videos/WhatsApp Video 2025-12-04 at 16.13.18_139d61fb.mp4,6.818467,947523,1098726,162,h264,H.264 / AVC / MPEG-4 AVC / MPEG-4 part 10,High,yuv420p,bt470bg,smpte170m,bt470bg,480,848,,,2430000/102277,355/12,,,aac,0
31.mp4,/kaggle/input/metadata-dataset/Meta_Data_Dataset/Real_videos/31.mp4,13.5,1011061,597068,405,h264,H.264 / AVC / MPEG-4 AVC / MPEG-4 part 10,Constrained Baseline,yuv420p,bt709,bt709,bt709,360,640,1:01,9:16,30/1,30/1,,,aac,0
VID-20250604-WA0068.mp4,/kaggle/input/metadata-dataset/Meta_Data_Dataset/Real_videos/VID-20250604-WA0068.mp4,15.579967,6505016,3340195,917,h264,H.264 / AVC / MPEG-4 AVC / MPEG-4 part 10,High,yuv420p,bt470bg,smpte170m,bt470bg,720,1280,,,27510000/467399,60/1,,,aac,0
yt22.mp4,/kaggle/input/metadata-dataset/Meta_Data_Dataset/Real_videos/yt22.mp4,12.846167,961444,593988,385,h264,H.264 / AVC / MPEG-4 AVC / MPEG-4 part 10,Constrained Baseline,yuv420p,bt709,bt709,bt709,360,640,1:01,9:16,30000/1001,30000/1001,,,aac,0
yt27.mp4,/kaggle/input/metadata-dataset/Meta_Data_Dataset/Real_videos/yt27.mp4,8.933333,666372,593583,268,h264,H.264 / AVC / MPEG-4 AVC / MPEG-4 part 10,Constrained Baseline,yuv420p,smpte170m,bt709,bt470bg,360,640,1:01,9:16,30/1,30/1,,,aac,0
yt28.mp4,/kaggle/input/metadata-dataset/Meta_Data_Dataset/Real_videos/yt28.mp4,19.566667,1453636,592504,587,h264,H.264 / AVC / MPEG-4 AVC / MPEG-4 part 10,Constrained Baseline,yuv420p,bt709,bt709,bt709,360,640,1:01,9:16,30/1,30/1,,,aac,0
yt30.mp4,/kaggle/input/metadata-dataset/Meta_Data_Dataset/Real_videos/yt30.mp4,20.8,1548288,594266,624,h264,H.264 / AVC / MPEG-4 AVC / MPEG-4 part 10,Constrained Baseline,yuv420p,bt709,bt709,bt709,360,640,1:01,9:16,30/1,30/1,,,aac,0
WhatsApp Video 2025-12-04 at 16.13.39_9d181b51.mp4,/kaggle/input/metadata-dataset/Meta_Data_Dataset/Real_videos/WhatsApp Video 2025-12-04 at 16.13.39_9d181b51.mp4,5.371333,741204,985585,98,h264,H.264 / AVC / MPEG-4 AVC / MPEG-4 part 10,High,yuv420p,bt470bg,smpte170m,bt470bg,480,848,,,21000/1151,355/12,,,aac,0
yt25.mp4,/kaggle/input/metadata-dataset/Meta_Data_Dataset/Real_videos/yt25.mp4,56.2,5577387,793143,1686,h264,H.264 / AVC / MPEG-4 AVC / MPEG-4 part 10,Constrained Baseline,yuv420p,smpte170m,bt709,bt470bg,532,640,1:01,133:160,30/1,30/1,,,aac,0
WhatsApp Video 2025-12-04 at 16.08.52_bd92f4da.mp4,/kaggle/input/metadata-dataset/Meta_Data_Dataset/Real_videos/WhatsApp Video 2025-12-04 at 16.08.52_bd92f4da.mp4,1.7259,261589,1212533,50,h264,H.264 / AVC / MPEG-4 AVC / MPEG-4 part 10,High,yuv420p,bt470bg,smpte170m,bt470bg,478,850,,,500000/17259,349/12,,,aac,0
VID-20250615-WA0073.mp4,/kaggle/input/metadata-dataset/Meta_Data_Dataset/Real_videos/VID-20250615-WA0073.mp4,14.0159,2888532,1648717,326,h264,H.264 / AVC / MPEG-4 AVC / MPEG-4 part 10,High,yuvj420p,bt470bg,smpte170m,bt470bg,478,850,,,3260000/140159,30000/1001,,,aac,0
VID-20240707-WA0023.mp4,/kaggle/input/metadata-dataset/Meta_Data_Dataset/Real_videos/VID-20240707-WA0023.mp4,19.745844,4067854,1646889,213,h264,H.264 / AVC / MPEG-4 AVC / MPEG-4 part 10,High,yuv420p,bt709,bt709,bt709,480,864,,,9585000/888563,71/6,,,aac,0
VID-20240605-WA0027.mp4,/kaggle/input/metadata-dataset/Meta_Data_Dataset/Real_videos/VID-20240605-WA0027.mp4,14.4579,2551659,1411911,422,h264,H.264 / AVC / MPEG-4 AVC / MPEG-4 part 10,High,yuv420p,bt470bg,smpte170m,bt470bg,478,850,1:01,239:425,4220000/144579,59/2,,,aac,0
VID-20251204-WA0056.mp4,/kaggle/input/metadata-dataset/Meta_Data_Dataset/fake_videos/VID-20251204-WA0056.mp4,8,3187666,3170755,192,h264,H.264 / AVC / MPEG-4 AVC / MPEG-4 part 10,High,yuv420p,,,,1280,720,,,24/1,24/1,,,aac,1
VID-20251204-WA0059.mp4,/kaggle/input/metadata-dataset/Meta_Data_Dataset/fake_videos/VID-20251204-WA0059.mp4,8,2238665,2226788,192,h264,H.264 / AVC / MPEG-4 AVC / MPEG-4 part 10,High,yuv420p,,,,1280,720,,,24/1,24/1,,,aac,1
WhatsApp Video 2025-12-04 at 19.36.22_fa571b5b.mp4,/kaggle/input/metadata-dataset/Meta_Data_Dataset/fake_videos/WhatsApp Video 2025-12-04 at 19.36.22_fa571b5b.mp4,4.166667,588389,1101293,125,h264,H.264 / AVC / MPEG-4 AVC / MPEG-4 part 10,High,yuv420p,bt470bg,smpte170m,bt470bg,478,850,,,30/1,30/1,,,aac,1
VID-20251204-WA0049.mp4,/kaggle/input/metadata-dataset/Meta_Data_Dataset/fake_videos/VID-20251204-WA0049.mp4,8,2363974,2351432,192,h264,H.264 / AVC / MPEG-4 AVC / MPEG-4 part 10,High,yuv420p,,,,1280,720,,,24/1,24/1,,,aac,1
VID-20251204-WA0062.mp4,/kaggle/input/metadata-dataset/Meta_Data_Dataset/fake_videos/VID-20251204-WA0062.mp4,13,4463744,2742419,390,h264,H.264 / AVC / MPEG-4 AVC / MPEG-4 part 10,High,yuv420p,bt709,bt709,bt709,1920,1080,,,30/1,30/1,,,aac,1
fk10.mp4,/kaggle/input/metadata-dataset/Meta_Data_Dataset/fake_videos/fk10.mp4,6,314020,417723,180,h264,H.264 / AVC / MPEG-4 AVC / MPEG-4 part 10,Main,yuv420p,smpte170m,bt709,bt470bg,360,640,1:01,9:16,30/1,30/1,,,aac,1
VID-20251204-WA0070.mp4,/kaggle/input/metadata-dataset/Meta_Data_Dataset/fake_videos/VID-20251204-WA0070.mp4,8,3162939,3146159,192,h264,H.264 / AVC / MPEG-4 AVC / MPEG-4 part 10,High,yuv420p,,,,1280,720,,,24/1,24/1,,,aac,1
VID-20251204-WA0060.mp4,/kaggle/input/metadata-dataset/Meta_Data_Dataset/fake_videos/VID-20251204-WA0060.mp4,8,2676353,2662154,192,h264,H.264 / AVC / MPEG-4 AVC / MPEG-4 part 10,High,yuv420p,,,,1280,720,,,24/1,24/1,,,aac,1
VID-20251204-WA0067.mp4,/kaggle/input/metadata-dataset/Meta_Data_Dataset/fake_videos/VID-20251204-WA0067.mp4,8,2916332,2900860,192,h264,H.264 / AVC / MPEG-4 AVC / MPEG-4 part 10,High,yuv420p,,,,1280,720,,,24/1,24/1,,,aac,1
VID-20251204-WA0090.mp4,/kaggle/input/metadata-dataset/Meta_Data_Dataset/fake_videos/VID-20251204-WA0090.mp4,8,2302714,2290497,192,h264,H.264 / AVC / MPEG-4 AVC / MPEG-4 part 10,High,yuv420p,,,,1280,720,,,24/1,24/1,,,aac,1
VID-20251204-WA0058.mp4,/kaggle/input/metadata-dataset/Meta_Data_Dataset/fake_videos/VID-20251204-WA0058.mp4,8,2156299,2144859,192,h264,H.264 / AVC / MPEG-4 AVC / MPEG-4 part 10,High,yuv420p,,,,1280,720,,,24/1,24/1,,,aac,1
VID-20251204-WA0026.mp4,/kaggle/input/metadata-dataset/Meta_Data_Dataset/fake_videos/VID-20251204-WA0026.mp4,8,1671952,1663082,192,h264,H.264 / AVC / MPEG-4 AVC / MPEG-4 part 10,High,yuv420p,,,,1280,720,,,24/1,24/1,,,aac,1
WhatsApp Video 2025-12-04 at 19.44.26_80079683.mp4,/kaggle/input/metadata-dataset/Meta_Data_Dataset/fake_videos/WhatsApp Video 2025-12-04 at 19.44.26_80079683.mp4,3.166667,402513,984007,76,h264,H.264 / AVC / MPEG-4 AVC / MPEG-4 part 10,High,yuv420p,bt470bg,smpte170m,bt470bg,478,850,,,24/1,24/1,,,aac,1
VID-20251204-WA0084.mp4,/kaggle/input/metadata-dataset/Meta_Data_Dataset/fake_videos/VID-20251204-WA0084.mp4,8,3775149,3755121,192,h264,H.264 / AVC / MPEG-4 AVC / MPEG-4 part 10,High,yuv420p,,,,1280,720,,,24/1,24/1,,,aac,1
VID-20251204-WA0064.mp4,/kaggle/input/metadata-dataset/Meta_Data_Dataset/fake_videos/VID-20251204-WA0064.mp4,8,2226424,2214612,192,h264,H.264 / AVC / MPEG-4 AVC / MPEG-4 part 10,High,yuv420p,,,,1280,720,,,24/1,24/1,,,aac,1
VID-20251204-WA0036.mp4,/kaggle/input/metadata-dataset/Meta_Data_Dataset/fake_videos/VID-20251204-WA0036.mp4,8,2368560,2355994,192,h264,H.264 / AVC / MPEG-4 AVC / MPEG-4 part 10,High,yuv420p,,,,1280,720,,,24/1,24/1,,,aac,1
VID-20251204-WA0061.mp4,/kaggle/input/metadata-dataset/Meta_Data_Dataset/fake_videos/VID-20251204-WA0061.mp4,8,2080949,2069909,192,h264,H.264 / AVC / MPEG-4 AVC / MPEG-4 part 10,High,yuv420p,,,,1280,720,,,24/1,24/1,,,aac,1
fk4.mp4,/kaggle/input/metadata-dataset/Meta_Data_Dataset/fake_videos/fk4.mp4,12.332375,920827,590273,309,h264,H.264 / AVC / MPEG-4 AVC / MPEG-4 part 10,Constrained Baseline,yuv420p,bt709,bt709,bt709,360,640,1:01,9:16,3132/125,3132/125,,,aac,1
VID-20251204-WA0043.mp4,/kaggle/input/metadata-dataset/Meta_Data_Dataset/fake_videos/VID-20251204-WA0043.mp4,8,2414205,2401397,192,h264,H.264 / AVC / MPEG-4 AVC / MPEG-4 part 10,High,yuv420p,,,,1280,720,,,24/1,24/1,,,aac,1
fk5 (2).mp4,/kaggle/input/metadata-dataset/Meta_Data_Dataset/fake_videos/fk5 (2).mp4,8,904656,897476,192,h264,H.264 / AVC / MPEG-4 AVC / MPEG-4 part 10,Constrained Baseline,yuv420p,bt709,bt709,bt709,640,640,1:01,1:01,24/1,24/1,,,aac,1
VID-20251204-WA0086.mp4,/kaggle/input/metadata-dataset/Meta_Data_Dataset/fake_videos/VID-20251204-WA0086.mp4,8,4118196,4096348,192,h264,H.264 / AVC / MPEG-4 AVC / MPEG-4 part 10,High,yuv420p,,,,1280,720,,,24/1,24/1,,,aac,1
VID-20251204-WA0051.mp4,/kaggle/input/metadata-dataset/Meta_Data_Dataset/fake_videos/VID-20251204-WA0051.mp4,8,4430680,4407174,192,h264,H.264 / AVC / MPEG-4 AVC / MPEG-4 part 10,High,yuv420p,,,,1280,720,,,24/1,24/1,,,aac,1
VID-20251204-WA0089.mp4,/kaggle/input/metadata-dataset/Meta_Data_Dataset/fake_videos/VID-20251204-WA0089.mp4,8,4276131,4253445,192,h264,H.264 / AVC / MPEG-4 AVC / MPEG-4 part 10,High,yuv420p,,,,1280,720,,,24/1,24/1,,,aac,1
VID-20251204-WA0087.mp4,/kaggle/input/metadata-dataset/Meta_Data_Dataset/fake_videos/VID-20251204-WA0087.mp4,8,2916488,2901015,192,h264,H.264 / AVC / MPEG-4 AVC / MPEG-4 part 10,High,yuv420p,,,,1280,720,,,24/1,24/1,,,aac,1
VID-20251204-WA0042.mp4,/kaggle/input/metadata-dataset/Meta_Data_Dataset/fake_videos/VID-20251204-WA0042.mp4,8,1464656,1464656,192,h264,H.264 / AVC / MPEG-4 AVC / MPEG-4 part 10,High,yuv420p,,,,1280,720,,,24/1,24/1,,,none,1
WhatsApp Video 2025-12-04 at 20.17.05_2e66f878.mp4,/kaggle/input/metadata-dataset/Meta_Data_Dataset/fake_videos/WhatsApp Video 2025-12-04 at 20.17.05_2e66f878.mp4,8,2499815,2486553,192,h264,H.264 / AVC / MPEG-4 AVC / MPEG-4 part 10,High,yuv420p,,,,1280,720,,,24/1,24/1,,,aac,1
VID-20251204-WA0037.mp4,/kaggle/input/metadata-dataset/Meta_Data_Dataset/fake_videos/VID-20251204-WA0037.mp4,8,3996232,3975031,192,h264,H.264 / AVC / MPEG-4 AVC / MPEG-4 part 10,High,yuv420p,,,,1280,720,,,24/1,24/1,,,aac,1
VID-20251204-WA0044.mp4,/kaggle/input/metadata-dataset/Meta_Data_Dataset/fake_videos/VID-20251204-WA0044.mp4,8,4769694,4744390,192,h264,H.264 / AVC / MPEG-4 AVC / MPEG-4 part 10,High,yuv420p,,,,1280,720,,,24/1,24/1,,,aac,1
VID-20251204-WA0091.mp4,/kaggle/input/metadata-dataset/Meta_Data_Dataset/fake_videos/VID-20251204-WA0091.mp4,8,4517865,4493897,192,h264,H.264 / AVC / MPEG-4 AVC / MPEG-4 part 10,High,yuv420p,,,,1280,720,,,24/1,24/1,,,aac,1
VID-20251204-WA0031.mp4,/kaggle/input/metadata-dataset/Meta_Data_Dataset/fake_videos/VID-20251204-WA0031.mp4,8,1622355,1613748,192,h264,H.264 / AVC / MPEG-4 AVC / MPEG-4 part 10,High,yuv420p,,,,1280,720,,,24/1,24/1,,,aac,1
VID-20251204-WA0046.mp4,/kaggle/input/metadata-dataset/Meta_Data_Dataset/fake_videos/VID-20251204-WA0046.mp4,8,3141830,3125162,192,h264,H.264 / AVC / MPEG-4 AVC / MPEG-4 part 10,High,yuv420p,,,,1280,720,,,24/1,24/1,,,aac,1
VID-20251204-WA0053.mp4,/kaggle/input/metadata-dataset/Meta_Data_Dataset/fake_videos/VID-20251204-WA0053.mp4,8,3186041,3169138,192,h264,H.264 / AVC / MPEG-4 AVC / MPEG-4 part 10,High,yuv420p,,,,1280,720,,,24/1,24/1,,,aac,1
fk9.mp4,/kaggle/input/metadata-dataset/Meta_Data_Dataset/fake_videos/fk9.mp4,9.766667,741315,600437,293,h264,H.264 / AVC / MPEG-4 AVC / MPEG-4 part 10,Constrained Baseline,yuv420p,bt709,bt709,bt709,360,640,1:01,9:16,30/1,30/1,,,aac,1
VID-20251204-WA0033.mp4,/kaggle/input/metadata-dataset/Meta_Data_Dataset/fake_videos/VID-20251204-WA0033.mp4,8,3311529,3293961,192,h264,H.264 / AVC / MPEG-4 AVC / MPEG-4 part 10,High,yuv420p,,,,1280,720,,,24/1,24/1,,,aac,1
VID-20251204-WA0039.mp4,/kaggle/input/metadata-dataset/Meta_Data_Dataset/fake_videos/VID-20251204-WA0039.mp4,8,1576574,1568210,192,h264,H.264 / AVC / MPEG-4 AVC / MPEG-4 part 10,High,yuv420p,,,,1280,720,,,24/1,24/1,,,aac,1
VID-20251204-WA0068.mp4,/kaggle/input/metadata-dataset/Meta_Data_Dataset/fake_videos/VID-20251204-WA0068.mp4,8,5898791,5867497,192,h264,H.264 / AVC / MPEG-4 AVC / MPEG-4 part 10,High,yuv420p,,,,1280,720,,,24/1,24/1,,,aac,1
VID-20251204-WA0045.mp4,/kaggle/input/metadata-dataset/Meta_Data_Dataset/fake_videos/VID-20251204-WA0045.mp4,8,2980539,2964726,192,h264,H.264 / AVC / MPEG-4 AVC / MPEG-4 part 10,High,yuv420p,,,,1280,720,,,24/1,24/1,,,aac,1
VID-20251204-WA0034.mp4,/kaggle/input/metadata-dataset/Meta_Data_Dataset/fake_videos/VID-20251204-WA0034.mp4,8,2850422,2835300,192,h264,H.264 / AVC / MPEG-4 AVC / MPEG-4 part 10,High,yuv420p,,,,1280,720,,,24/1,24/1,,,aac,1
VID-20251204-WA0052.mp4,/kaggle/input/metadata-dataset/Meta_Data_Dataset/fake_videos/VID-20251204-WA0052.mp4,8,3669903,3650433,192,h264,H.264 / AVC / MPEG-4 AVC / MPEG-4 part 10,High,yuv420p,,,,1280,720,,,24/1,24/1,,,aac,1
VID-20251204-WA0050.mp4,/kaggle/input/metadata-dataset/Meta_Data_Dataset/fake_videos/VID-20251204-WA0050.mp4,8,3116679,3100144,192,h264,H.264 / AVC / MPEG-4 AVC / MPEG-4 part 10,High,yuv420p,,,,1280,720,,,24/1,24/1,,,aac,1
VID-20251204-WA0032.mp4,/kaggle/input/metadata-dataset/Meta_Data_Dataset/fake_videos/VID-20251204-WA0032.mp4,8,2889862,2874531,192,h264,H.264 / AVC / MPEG-4 AVC / MPEG-4 part 10,High,yuv420p,,,,1280,720,,,24/1,24/1,,,aac,1
VID-20251204-WA0094.mp4,/kaggle/input/metadata-dataset/Meta_Data_Dataset/fake_videos/VID-20251204-WA0094.mp4,8,4415032,4391609,192,h264,H.264 / AVC / MPEG-4 AVC / MPEG-4 part 10,High,yuv420p,,,,1280,720,,,24/1,24/1,,,aac,1
VID-20251204-WA0054.mp4,/kaggle/input/metadata-dataset/Meta_Data_Dataset/fake_videos/VID-20251204-WA0054.mp4,8,3148923,3132217,192,h264,H.264 / AVC / MPEG-4 AVC / MPEG-4 part 10,High,yuv420p,,,,1280,720,,,24/1,24/1,,,aac,1
VID-20251204-WA0040.mp4,/kaggle/input/metadata-dataset/Meta_Data_Dataset/fake_videos/VID-20251204-WA0040.mp4,8,7622780,7582340,192,h264,H.264 / AVC / MPEG-4 AVC / MPEG-4 part 10,High,yuv420p,,,,1280,720,,,24/1,24/1,,,aac,1
fk5.mp4,/kaggle/input/metadata-dataset/Meta_Data_Dataset/fake_videos/fk5.mp4,8.533333,715903,670248,256,h264,H.264 / AVC / MPEG-4 AVC / MPEG-4 part 10,Main,yuv420p,bt709,bt709,bt709,360,640,1:01,9:16,30/1,30/1,,,aac,1
VID-20251204-WA0065.mp4,/kaggle/input/metadata-dataset/Meta_Data_Dataset/fake_videos/VID-20251204-WA0065.mp4,8,3366058,3348200,192,h264,H.264 / AVC / MPEG-4 AVC / MPEG-4 part 10,High,yuv420p,,,,1280,720,,,24/1,24/1,,,aac,1
VID-20251204-WA0063.mp4,/kaggle/input/metadata-dataset/Meta_Data_Dataset/fake_videos/VID-20251204-WA0063.mp4,8,2080957,2069917,192,h264,H.264 / AVC / MPEG-4 AVC / MPEG-4 part 10,High,yuv420p,,,,1280,720,,,24/1,24/1,,,aac,1
VID-20240605-WA0023-Arabic.mp4,/kaggle/input/metadata-dataset/Meta_Data_Dataset/fake_videos/VID-20240605-WA0023-Arabic.mp4,9.96,3807392,3057225,249,h264,H.264 / AVC / MPEG-4 AVC / MPEG-4 part 10,High,yuv420p,,,,478,850,,,25/1,25/1,,,aac,1
WhatsApp Video 2025-12-04 at 19.38.33_bb9c3566.mp4,/kaggle/input/metadata-dataset/Meta_Data_Dataset/fake_videos/WhatsApp Video 2025-12-04 at 19.38.33_bb9c3566.mp4,2,281943,1078885,48,h264,H.264 / AVC / MPEG-4 AVC / MPEG-4 part 10,High,yuv420p,bt470bg,smpte170m,bt470bg,478,850,,,24/1,24/1,,,aac,1
WhatsApp Video 2025-12-04 at 20.56.35_845dc0e5.mp4,/kaggle/input/metadata-dataset/Meta_Data_Dataset/fake_videos/WhatsApp Video 2025-12-04 at 20.56.35_845dc0e5.mp4,8,8502681,8457573,192,h264,H.264 / AVC / MPEG-4 AVC / MPEG-4 part 10,High,yuv420p,,,,1280,720,,,24/1,24/1,,,aac,1
VID-20251204-WA0047.mp4,/kaggle/input/metadata-dataset/Meta_Data_Dataset/fake_videos/VID-20251204-WA0047.mp4,8,4263097,4240480,192,h264,H.264 / AVC / MPEG-4 AVC / MPEG-4 part 10,High,yuv420p,,,,1280,720,,,24/1,24/1,,,aac,1
fk11.mp4,/kaggle/input/metadata-dataset/Meta_Data_Dataset/fake_videos/fk11.mp4,6.28,295872,376153,157,h264,H.264 / AVC / MPEG-4 AVC / MPEG-4 part 10,Main,yuv420p,bt709,bt709,bt709,350,640,1:01,35:64,25/1,25/1,,,aac,1
fk1.mp4,/kaggle/input/metadata-dataset/Meta_Data_Dataset/fake_videos/fk1.mp4,10.066667,604973,480260,302,h264,H.264 / AVC / MPEG-4 AVC / MPEG-4 part 10,Main,yuv420p,bt709,bt709,bt709,360,640,1:01,9:16,30/1,30/1,,,aac,1
fk2.mp4,/kaggle/input/metadata-dataset/Meta_Data_Dataset/fake_videos/fk2.mp4,5.625,417442,586294,135,h264,H.264 / AVC / MPEG-4 AVC / MPEG-4 part 10,Constrained Baseline,yuv420p,bt709,bt709,bt709,360,640,1:01,9:16,24/1,24/1,,,aac,1
fk13.mp4,/kaggle/input/metadata-dataset/Meta_Data_Dataset/fake_videos/fk13.mp4,14.766667,1097014,592780,443,h264,H.264 / AVC / MPEG-4 AVC / MPEG-4 part 10,Constrained Baseline,yuv420p,bt709,bt709,bt709,360,640,1:01,9:16,30/1,30/1,,,aac,1
VID-20251204-WA0023.mp4,/kaggle/input/metadata-dataset/Meta_Data_Dataset/fake_videos/VID-20251204-WA0023.mp4,8,4550999,4526855,192,h264,H.264 / AVC / MPEG-4 AVC / MPEG-4 part 10,High,yuv420p,,,,1280,720,,,24/1,24/1,,,aac,1
WhatsApp Video 2025-12-04 at 19.40.07_64221030.mp4,/kaggle/input/metadata-dataset/Meta_Data_Dataset/fake_videos/WhatsApp Video 2025-12-04 at 19.40.07_64221030.mp4,4.166667,537394,1023318,125,h264,H.264 / AVC / MPEG-4 AVC / MPEG-4 part 10,High,yuv420p,bt470bg,smpte170m,bt470bg,848,480,,,30/1,30/1,,,aac,1
VID-20251204-WA0096.mp4,/kaggle/input/metadata-dataset/Meta_Data_Dataset/fake_videos/VID-20251204-WA0096.mp4,8,4208446,4186119,192,h264,H.264 / AVC / MPEG-4 AVC / MPEG-4 part 10,High,yuv420p,,,,1280,720,,,24/1,24/1,,,aac,1
VID-20251204-WA0088.mp4,/kaggle/input/metadata-dataset/Meta_Data_Dataset/fake_videos/VID-20251204-WA0088.mp4,8,2932446,2916889,192,h264,H.264 / AVC / MPEG-4 AVC / MPEG-4 part 10,High,yuv420p,,,,1280,720,,,24/1,24/1,,,aac,1
WhatsApp Video 2025-12-04 at 19.41.38_c5d45626.mp4,/kaggle/input/metadata-dataset/Meta_Data_Dataset/fake_videos/WhatsApp Video 2025-12-04 at 19.41.38_c5d45626.mp4,5.291667,738041,1095591,127,h264,H.264 / AVC / MPEG-4 AVC / MPEG-4 part 10,High,yuv420p,bt470bg,smpte170m,bt470bg,478,850,,,24/1,24/1,,,aac,1
VID-20251204-WA0085.mp4,/kaggle/input/metadata-dataset/Meta_Data_Dataset/fake_videos/VID-20251204-WA0085.mp4,8,1643273,1634555,192,h264,H.264 / AVC / MPEG-4 AVC / MPEG-4 part 10,High,yuv420p,,,,1280,720,,,24/1,24/1,,,aac,1
VID-20251204-WA0097.mp4,/kaggle/input/metadata-dataset/Meta_Data_Dataset/fake_videos/VID-20251204-WA0097.mp4,8,2927729,2919942,240,h264,H.264 / AVC / MPEG-4 AVC / MPEG-4 part 10,High,yuv420p,bt709,bt709,bt709,1920,1080,,,30/1,30/1,,,aac,1
VID-20251204-WA0095.mp4,/kaggle/input/metadata-dataset/Meta_Data_Dataset/fake_videos/VID-20251204-WA0095.mp4,8,2498008,2484755,192,h264,H.264 / AVC / MPEG-4 AVC / MPEG-4 part 10,High,yuv420p,,,,1280,720,,,24/1,24/1,,,aac,1
VID-20251204-WA0038.mp4,/kaggle/input/metadata-dataset/Meta_Data_Dataset/fake_videos/VID-20251204-WA0038.mp4,8,1984436,1973908,192,h264,H.264 / AVC / MPEG-4 AVC / MPEG-4 part 10,High,yuv420p,,,,1280,720,,,24/1,24/1,,,aac,1
fk3.mp4,/kaggle/input/metadata-dataset/Meta_Data_Dataset/fake_videos/fk3.mp4,5,255616,407724,125,h264,H.264 / AVC / MPEG-4 AVC / MPEG-4 part 10,Main,yuv420p,bt709,bt709,bt709,360,640,1:01,9:16,25/1,25/1,,,aac,1
WhatsApp Video 2025-12-04 at 19.28.48_92e8b44e.mp4,/kaggle/input/metadata-dataset/Meta_Data_Dataset/fake_videos/WhatsApp Video 2025-12-04 at 19.28.48_92e8b44e.mp4,3.966667,508539,1013167,119,h264,H.264 / AVC / MPEG-4 AVC / MPEG-4 part 10,High,yuv420p,bt470bg,smpte170m,bt470bg,478,850,,,30/1,30/1,,,aac,1
VID-20251204-WA0093.mp4,/kaggle/input/metadata-dataset/Meta_Data_Dataset/fake_videos/VID-20251204-WA0093.mp4,8,3211795,3194756,192,h264,H.264 / AVC / MPEG-4 AVC / MPEG-4 part 10,High,yuv420p,,,,1280,720,,,24/1,24/1,,,aac,1
VID-20251204-WA0035.mp4,/kaggle/input/metadata-dataset/Meta_Data_Dataset/fake_videos/VID-20251204-WA0035.mp4,8,2091756,2080659,192,h264,H.264 / AVC / MPEG-4 AVC / MPEG-4 part 10,High,yuv420p,,,,1280,720,,,24/1,24/1,,,aac,1
VID-20251204-WA0055.mp4,/kaggle/input/metadata-dataset/Meta_Data_Dataset/fake_videos/VID-20251204-WA0055.mp4,8,3077008,3060684,192,h264,H.264 / AVC / MPEG-4 AVC / MPEG-4 part 10,High,yuv420p,,,,1280,720,,,24/1,24/1,,,aac,1
fk6.mp4,/kaggle/input/metadata-dataset/Meta_Data_Dataset/fake_videos/fk6.mp4,6.933333,519835,594351,208,h264,H.264 / AVC / MPEG-4 AVC / MPEG-4 part 10,Constrained Baseline,yuv420p,bt709,bt709,bt709,366,640,1:01,183:320,30/1,30/1,,,aac,1
VID-20251204-WA0025.mp4,/kaggle/input/metadata-dataset/Meta_Data_Dataset/fake_videos/VID-20251204-WA0025.mp4,8,3375563,3357655,192,h264,H.264 / AVC / MPEG-4 AVC / MPEG-4 part 10,High,yuv420p,,,,1280,720,,,24/1,24/1,,,aac,1
VID-20251204-WA0092.mp4,/kaggle/input/metadata-dataset/Meta_Data_Dataset/fake_videos/VID-20251204-WA0092.mp4,8,4018256,3996938,192,h264,H.264 / AVC / MPEG-4 AVC / MPEG-4 part 10,High,yuv420p,,,,1280,720,,,24/1,24/1,,,aac,1
WhatsApp Video 2025-12-04 at 19.51.21_1d94a65a.mp4,/kaggle/input/metadata-dataset/Meta_Data_Dataset/fake_videos/WhatsApp Video 2025-12-04 at 19.51.21_1d94a65a.mp4,40.666667,5151675,1012587,1220,h264,H.264 / AVC / MPEG-4 AVC / MPEG-4 part 10,High,yuv420p,bt470bg,smpte170m,bt470bg,848,478,,,30/1,30/1,,,aac,1
VID-20251204-WA0066.mp4,/kaggle/input/metadata-dataset/Meta_Data_Dataset/fake_videos/VID-20251204-WA0066.mp4,8,2578768,2578768,192,h264,H.264 / AVC / MPEG-4 AVC / MPEG-4 part 10,High,yuv420p,,,,1280,720,,,24/1,24/1,,,none,1
WhatsApp Video 2025-12-04 at 19.46.09_c1472beb.mp4,/kaggle/input/metadata-dataset/Meta_Data_Dataset/fake_videos/WhatsApp Video 2025-12-04 at 19.46.09_c1472beb.mp4,3.791667,479329,989295,91,h264,H.264 / AVC / MPEG-4 AVC / MPEG-4 part 10,High,yuv420p,bt470bg,smpte170m,bt470bg,478,850,,,24/1,24/1,,,aac,1
VID-20251204-WA0057.mp4,/kaggle/input/metadata-dataset/Meta_Data_Dataset/fake_videos/VID-20251204-WA0057.mp4,8,3547545,3528724,192,h264,H.264 / AVC / MPEG-4 AVC / MPEG-4 part 10,High,yuv420p,,,,1280,720,,,24/1,24/1,,,aac,1
VID-20251204-WA0048.mp4,/kaggle/input/metadata-dataset/Meta_Data_Dataset/fake_videos/VID-20251204-WA0048.mp4,8,2433306,2420397,192,h264,H.264 / AVC / MPEG-4 AVC / MPEG-4 part 10,High,yuv420p,,,,1280,720,,,24/1,24/1,,,aac,1
